{
    "$schema": "https://schema.management.azure.com/schemas/2015-01-01/deploymentTemplate.json#",
    "contentVersion": "1.0.0.0",
    "parameters": {
        "baseName": {
            "defaultValue": "voting-app",
            "type": "string"
        }
    },
    "variables": {
        "uniqueId": "[uniquestring(subscription().id, resourceGroup().id)]",
        "serverFarmsName": "[concat(parameters('baseName'))]",
        "siteName": "[concat(parameters('baseName'), '-', variables('uniqueId') )]",
        "location": "[resourceGroup().location]",
        "apiVersion": "2015-08-01"
    },
    "resources": [
        {
            "type": "Microsoft.Web/serverfarms",
            "sku": {
                "name": "F1",
                "tier": "Free",
                "size": "F1",
                "family": "F",
                "capacity": 0
            },
            "name": "[variables('serverFarmsName')]",
            "apiVersion": "[variables('apiVersion')]",
            "location": "[variables('location')]",
            "properties": {},
            "resources": [],
            "dependsOn": []
        },
        {
            "type": "Microsoft.Web/sites",
            "name": "[variables('siteName')]",
            "apiVersion": "[variables('apiVersion')]",
            "location": "[variables('location')]",
            "tags": {},
            "properties": {
                "serverFarmId": "[resourceId('Microsoft.Web/serverfarms', variables('serverFarmsName'))]"
            },
            "resources": [],
            "dependsOn": [
                "[resourceId('Microsoft.Web/serverfarms', variables('serverFarmsName'))]"
            ]
        }
    ]
}