﻿{
  "$schema": "https://schema.management.azure.com/schemas/2015-01-01/deploymentTemplate.json#",
  "contentVersion": "1.0.0.0",
  "parameters": {
    "mrpAdminUsername": {
      "type": "string",
      "minLength": 1,
      "metadata": {
        "description": "User name for the MRP Virtual Machine."
      }
    },
    "mrpAdminPassword": {
      "type": "securestring",
      "metadata": {
        "description": "Password for the MRP Virtual Machine."
      }
    },
    "mrpDnsNameForPublicIP": {
      "type": "string",
      "minLength": 1,
      "metadata": {
        "description": "Globally unique DNS Name for the Public IP used to access the MRP Virtual Machine."
      }
    }
  },
  "variables": {
    "mrpImagePublisher": "Canonical",
    "mrpImageOffer": "UbuntuServer",
    "mrpImageSku": "16.04.0-LTS",
    "mrpOSDiskName": "mrpOsdisk",
    "mrpNicName": "mrpNic",
    "addressPrefix": "10.0.0.0/16",
    "subnetName": "Subnet",
    "subnetPrefix": "10.0.0.0/24",
    "storageType": "Standard_LRS",
    "publicIPAddressType": "Dynamic",
    "vhdStorageContainerName": "vhds",
    "mrpNsgName": "mrpNSG",
    "mrpVmSize": "Standard_D1_V2",
    "mrpVmName": "[toLower(parameters('mrpDnsNameForPublicIP'))]",
    "virtualNetworkName": "mrpVNET",
    "vnetId": "[resourceId('Microsoft.Network/virtualNetworks', variables('virtualNetworkName'))]",
    "subnetRef": "[concat(variables('vnetId'), '/subnets/', variables('subnetName'))]",
    "storageName": "[concat('vhdstorage', uniqueString(resourceGroup().id))]",
    "applicationInsightsApiVersion": "2015-05-01"
  },
  "resources": [
    {
      "type": "Microsoft.Storage/storageAccounts",
      "name": "[variables('storageName')]",
      "apiVersion": "2015-06-15",
      "location": "[resourceGroup().location]",
      "tags": {
        "displayName": "StorageAccount"
      },
      "properties": {
        "accountType": "[variables('storageType')]"
      }
    },
    {
      "apiVersion": "2015-06-15",
      "type": "Microsoft.Network/publicIPAddresses",
      "name": "[parameters('mrpDnsNameForPublicIP')]",
      "location": "[resourceGroup().location]",
      "tags": {
        "displayName": "PublicIPAddress-mrp"
      },
      "properties": {
        "publicIPAllocationMethod": "[variables('publicIPAddressType')]",
        "dnsSettings": {
          "domainNameLabel": "[parameters('mrpDnsNameForPublicIP')]"
        }
      }
    },
    {
      "apiVersion": "2015-06-15",
      "type": "Microsoft.Network/virtualNetworks",
      "name": "[variables('virtualNetworkName')]",
      "location": "[resourceGroup().location]",
      "tags": {
        "displayName": "VirtualNetwork"
      },
      "properties": {
        "addressSpace": {
          "addressPrefixes": [
            "[variables('addressPrefix')]"
          ]
        },
        "subnets": [
          {
            "name": "[variables('subnetName')]",
            "properties": {
              "addressPrefix": "[variables('subnetPrefix')]"
            }
          }
        ]
      }
    },
    {
      "apiVersion": "2015-06-15",
      "type": "Microsoft.Network/networkSecurityGroups",
      "name": "[variables('mrpNsgName')]",
      "location": "[resourceGroup().location]",
      "tags": {
        "displayName": "NSG-mrp"
      },
      "properties": {
        "securityRules": [
          {
            "name": "SSH",
            "properties": {
              "description": "SSH port",
              "protocol": "Tcp",
              "sourcePortRange": "*",
              "destinationPortRange": "22",
              "sourceAddressPrefix": "*",
              "destinationAddressPrefix": "*",
              "access": "Allow",
              "priority": 1000,
              "direction": "Inbound"
            }
          },
          {
            "name": "MRP",
            "properties": {
              "description": "MRP port",
              "protocol": "Tcp",
              "sourcePortRange": "*",
              "destinationPortRange": "9080",
              "sourceAddressPrefix": "*",
              "destinationAddressPrefix": "*",
              "access": "Allow",
              "priority": 1100,
              "direction": "Inbound"
            }
          },
          {
            "name": "OrderingSvc",
            "properties": {
              "description": "OrderingService port",
              "protocol": "Tcp",
              "sourcePortRange": "*",
              "destinationPortRange": "8080",
              "sourceAddressPrefix": "*",
              "destinationAddressPrefix": "*",
              "access": "Allow",
              "priority": 1200,
              "direction": "Inbound"
            }
          }
        ]
      }
    },
    {
      "apiVersion": "2015-06-15",
      "type": "Microsoft.Network/networkInterfaces",
      "name": "[variables('mrpNicName')]",
      "location": "[resourceGroup().location]",
      "tags": {
        "displayName": "NIC-mrp"
      },
      "dependsOn": [
        "[concat('Microsoft.Network/publicIPAddresses/', parameters('mrpDnsNameForPublicIP'))]",
        "[concat('Microsoft.Network/virtualNetworks/', variables('virtualNetworkName'))]",
        "[concat('Microsoft.Network/networkSecurityGroups/', variables('mrpNSGName'))]"
      ],
      "properties": {
        "networkSecurityGroup": {
          "id": "[resourceId('Microsoft.Network/networkSecurityGroups', variables('mrpNSGName'))]"
        },
        "ipConfigurations": [
          {
            "name": "ipconfig1",
            "properties": {
              "privateIPAllocationMethod": "Dynamic",
              "publicIPAddress": {
                "id": "[resourceId('Microsoft.Network/publicIPAddresses', parameters('mrpDnsNameForPublicIP'))]"
              },
              "subnet": {
                "id": "[variables('subnetRef')]"
              }
            }
          }
        ]
      }
    },
    {
      "apiVersion": "2015-06-15",
      "type": "Microsoft.Compute/virtualMachines",
      "name": "[variables('mrpVmName')]",
      "location": "[resourceGroup().location]",
      "tags": {
        "displayName": "VM-mrp"
      },
      "dependsOn": [
        "[concat('Microsoft.Storage/storageAccounts/', variables('storageName'))]",
        "[concat('Microsoft.Network/networkInterfaces/', variables('mrpNicName'))]"
      ],
      "properties": {
        "hardwareProfile": {
          "vmSize": "[variables('mrpVmSize')]"
        },
        "osProfile": {
          "computerName": "[variables('mrpVmName')]",
          "adminUsername": "[parameters('mrpAdminUsername')]",
          "adminPassword": "[parameters('mrpAdminPassword')]"
        },
        "storageProfile": {
          "imageReference": {
            "publisher": "[variables('mrpImagePublisher')]",
            "offer": "[variables('mrpImageOffer')]",
            "sku": "[variables('mrpImageSku')]",
            "version": "latest"
          },
          "osDisk": {
            "name": "osdisk",
            "vhd": {
              "uri": "[concat('http://', variables('storageName'), '.blob.core.windows.net/', variables('vhdStorageContainerName'), '/', variables('mrpOSDiskName'), '.vhd')]"
            },
            "caching": "ReadWrite",
            "createOption": "FromImage"
          }
        },
        "networkProfile": {
          "networkInterfaces": [
            {
              "id": "[resourceId('Microsoft.Network/networkInterfaces', variables('mrpNicName'))]"
            }
          ]
        },
        "diagnosticsProfile": {
          "bootDiagnostics": {
            "enabled": "true",
            "storageUri": "[concat('http://', variables('storageName'), '.blob.core.windows.net')]"
          }
        }
      }
    },
    {
      "type": "Microsoft.Compute/virtualMachines/extensions",
      "name": "[concat(variables('mrpVmName'),'/mrpsetup')]",
      "apiVersion": "2015-06-15",
      "location": "[resourceGroup().location]",
      "dependsOn": [
        "[concat('Microsoft.Compute/virtualMachines/', variables('mrpVmName'))]"
      ],
      "properties": {
        "publisher": "Microsoft.OSTCExtensions",
        "type": "CustomScriptForLinux",
        "typeHandlerVersion": "1.4",
        "autoUpgradeMinorVersion": true,
        "settings": {
          "commandToExecute": "bash -c 'apt-get update && apt-get install openjdk-8-jdk -y && apt-get install openjdk-8-jre -y && apt-get install mongodb -y && apt-get install tomcat7 -y && apt-get install wget -y && export JAVA_HOME=/usr/lib/jvm/java-8-openjdk-amd64 && export PATH=$PATH:/usr/lib/jvm/java-8-openjdk-amd64/bin' "
        },
        "protectedSettings": {}
      }
    },
    {
      "name": "[variables('mrpVmName')]",
      "type": "microsoft.insights/components",
      "location": "centralus",
      "apiVersion": "[variables('applicationInsightsApiVersion')]",
      "properties": {
      },
      "kind": "java",
      "sku": {
        "name": "RS0",
        "tier": "Standard"
      }
    }
  ],
  "outputs": {
    "appInsightsIntrumentationKey": {
      "type": "string",
      "value": "[reference( resourceId('microsoft.insights/components', variables('mrpVmName') ), variables('applicationInsightsApiVersion') ).InstrumentationKey]"
    }
  }
}